case_id	guide	target	pam	mismatches	expected_category	notes
ff_perfect_001	GAGTCCGAGCAGAAGAAGAA	GAGTCCGAGCAGAAGAAGAA	NGG	0	perfect_match	exact match score = 1.0
ff_perfect_002	GTCCCCTCCACCCCACAGTG	GTCCCCTCCACCCCACAGTG	NGG	0	perfect_match
ff_single_mm_pos1_A2G	GAGTCCGAGCAGAAGAAGAA	GAGTCCGAGCAGAAGAAGAA	NGG	1	single_mm_pos1	mismatch at pos 1 (5-prime distal)
ff_single_mm_pos5	GAGTCCGAGCAGAAGAAGAA	GAGTCCGAGCAGAAGAAGAA	NGG	1	single_mm_pos5
ff_single_mm_pos10	GAGTCCGAGCAGAAGAAGAA	GAGTCCGAGCAGAAGAAGAA	NGG	1	single_mm_pos10	mid-guide
ff_single_mm_pos15	GAGTCCGAGCAGAAGAAGAA	GAGTCCGAGCAGAAGAAGAA	NGG	1	single_mm_pos15	seed region
ff_single_mm_pos19	GAGTCCGAGCAGAAGAAGAA	GAGTCCGAGCAGAAGAAGAA	NGG	1	single_mm_pos19	PAM-proximal
ff_single_mm_pos20	GAGTCCGAGCAGAAGAAGAA	GAGTCCGAGCAGAAGAAGAA	NGG	1	single_mm_pos20	most PAM-proximal
ff_double_mm_close_2_3	GAGTCCGAGCAGAAGAAGAA	GAGTCCGAGCAGAAGAAGAA	NGG	2	double_mm_close	pos 2+3 adjacent
ff_double_mm_far_1_20	GAGTCCGAGCAGAAGAAGAA	GAGTCCGAGCAGAAGAAGAA	NGG	2	double_mm_far	pos 1+20
ff_double_mm_mid_8_12	GAGTCCGAGCAGAAGAAGAA	GAGTCCGAGCAGAAGAAGAA	NGG	2	double_mm_mid	pos 8+12
ff_triple_mm_001	GAGTCCGAGCAGAAGAAGAA	GAGTCCGAGCAGAAGAAGAA	NGG	3	triple_mm	pos 2+8+15
ff_triple_mm_002	GAGTCCGAGCAGAAGAAGAA	GAGTCCGAGCAGAAGAAGAA	NGG	3	triple_mm	pos 5+10+18
ff_quad_mm_001	GAGTCCGAGCAGAAGAAGAA	GAGTCCGAGCAGAAGAAGAA	NGG	4	quad_mm
ff_nag_pam_001	GAGTCCGAGCAGAAGAAGAA	GAGTCCGAGCAGAAGAAGAA	NAG	0	nag_pam	NAG PAM reduces score
ff_naa_pam_001	GAGTCCGAGCAGAAGAAGAA	GAGTCCGAGCAGAAGAAGAA	NAA	0	naa_pam	NAA PAM
ff_ntt_pam_001	GAGTCCGAGCAGAAGAAGAA	GAGTCCGAGCAGAAGAAGAA	NTT	0	ntt_pam
ff_single_mm_nt_AC_p3	GAGTCCGAGCAGAAGAAGAA	GAGTCCGAGCAGAAGAAGAA	NGG	1	nt_identity_AC	A→C at pos 3
ff_single_mm_nt_AT_p3	GAGTCCGAGCAGAAGAAGAA	GAGTCCGAGCAGAAGAAGAA	NGG	1	nt_identity_AT	A→T at pos 3
ff_single_mm_nt_AG_p3	GAGTCCGAGCAGAAGAAGAA	GAGTCCGAGCAGAAGAAGAA	NGG	1	nt_identity_AG	A→G at pos 3
ff_single_mm_nt_GC_p7	GAGTCCGAGCAGAAGAAGAA	GAGTCCGAGCAGAAGAAGAA	NGG	1	nt_identity_GC	G→C at pos 7
