dataset_id	sample_id	sample_name	group	starter_id	r1	r2	reference	intended_tsv	editor	spacer	pam	truth_source	sample_type	notes
prjna1088182	SRR28349244	Cas9_1	Cas9	SRR28349226	data/prjna1088182/SRR28349244_1.fastq.gz	data/prjna1088182/SRR28349244_2.fastq.gz	data/references/MG1655.gbk	.	cas9	tctggcggcaacaataggag	CGG	PUBLICATION_REPORTED	single_clone	Cas9 cohort (Cas9_1): DY1134_fbaB236_C0017492; pub mutations=301690
prjna1088182	SRR28349243	Cas9_2	Cas9	SRR28349226	data/prjna1088182/SRR28349243_1.fastq.gz	data/prjna1088182/SRR28349243_2.fastq.gz	data/references/MG1655.gbk	.	cas9	tttgcagcctattttcaaca	AGG	PUBLICATION_REPORTED	single_clone	Cas9 cohort (Cas9_2): DY1138_pgi352_C0008297
prjna1088182	SRR28349177	Cas9_103	Cas9	SRR28349226	data/prjna1088182/SRR28349177_1.fastq.gz	data/prjna1088182/SRR28349177_2.fastq.gz	data/references/MG1655.gbk	.	cas9	ctgtcccctcagttcatgta	AGG	PUBLICATION_REPORTED	single_clone	Cas9 cohort (Cas9_103): DY1316-1_acs328_C0013336(3rdDcvl); pub mutations=3536100
prjna1088182	SRR28349204	Cas9_3 _and2others	Cas9	SRR28349226	data/prjna1088182/SRR28349204_1.fastq.gz	data/prjna1088182/SRR28349204_2.fastq.gz	data/references/MG1655.gbk	.	cas9	ctgtcccctcagttcatgta	AGG	PUBLICATION_REPORTED	pooled	Cas9 cohort (Cas9_3 _and2others): DY1164_cyaA_499_C0009815; pub mutations=1571257
prjna1088182	SRR28349178	Cas9_101_102	Cas9	SRR28349226	data/prjna1088182/SRR28349178_1.fastq.gz	data/prjna1088182/SRR28349178_2.fastq.gz	data/references/MG1655.gbk	.	cas9	ctgtcccctcagttcatgta	AGG	PUBLICATION_REPORTED	pooled	Cas9 cohort (Cas9_101_102): DY1315-2_acs328_C0013336(2ndDcvl)
prjna1088182	SRR28349176	Cas9_104_105	Cas9	SRR28349226	data/prjna1088182/SRR28349176_1.fastq.gz	data/prjna1088182/SRR28349176_2.fastq.gz	data/references/MG1655.gbk	.	cas9	ctgtcccctcagttcatgta	AGG	PUBLICATION_REPORTED	pooled	Cas9 cohort (Cas9_104_105): acs624_C0017194; pub mutations=2776013,4035824
prjna1088182	SRR28349175	Cas9_106_107	Cas9	SRR28349226	data/prjna1088182/SRR28349175_1.fastq.gz	data/prjna1088182/SRR28349175_2.fastq.gz	data/references/MG1655.gbk	.	cas9	ctgtcccctcagttcatgta	AGG	PUBLICATION_REPORTED	pooled	Cas9 cohort (Cas9_106_107): acs624_C0017194
prjna1088182	SRR28349174	Cas9_108_109	Cas9	SRR28349226	data/prjna1088182/SRR28349174_1.fastq.gz	data/prjna1088182/SRR28349174_2.fastq.gz	data/references/MG1655.gbk	.	cas9	ctgtcccctcagttcatgta	AGG	PUBLICATION_REPORTED	pooled	Cas9 cohort (Cas9_108_109): acs610_C0017004_3rdDcvl
prjna1088182	SRR28349173	Cas9_110_111	Cas9	SRR28349226	data/prjna1088182/SRR28349173_1.fastq.gz	data/prjna1088182/SRR28349173_2.fastq.gz	data/references/MG1655.gbk	.	cas9	ctgtcccctcagttcatgta	AGG	PUBLICATION_REPORTED	pooled	Cas9 cohort (Cas9_110_111): acs619_C0017118_3rdDcv
prjna1088182	SRR28349172	Cas9_112_113	Cas9	SRR28349226	data/prjna1088182/SRR28349172_1.fastq.gz	data/prjna1088182/SRR28349172_2.fastq.gz	data/references/MG1655.gbk	.	cas9	ctgtcccctcagttcatgta	AGG	PUBLICATION_REPORTED	pooled	Cas9 cohort (Cas9_112_113): acs619_C0017118
prjna1088182	SRR28349226	control_1_2_3_4	control	SRR28349226	data/prjna1088182/SRR28349226_1.fastq.gz	data/prjna1088182/SRR28349226_2.fastq.gz	data/references/MG1655.gbk	.	dsb	.	NGG	PUBLICATION_REPORTED	pooled	control cohort (control_1_2_3_4): C1-1
prjna1088182	SRR28349225	control_5_6_7_8	control	SRR28349226	data/prjna1088182/SRR28349225_1.fastq.gz	data/prjna1088182/SRR28349225_2.fastq.gz	data/references/MG1655.gbk	.	dsb	.	NGG	PUBLICATION_REPORTED	pooled	control cohort (control_5_6_7_8): C2-1; pub mutations=1635887
prjna1088182	SRR28349224	control_9_10_11_12	control	SRR28349226	data/prjna1088182/SRR28349224_1.fastq.gz	data/prjna1088182/SRR28349224_2.fastq.gz	data/references/MG1655.gbk	.	dsb	.	NGG	PUBLICATION_REPORTED	pooled	control cohort (control_9_10_11_12): C3-1
prjna1088182	SRR28349223	control_13_14_15_16	control	SRR28349226	data/prjna1088182/SRR28349223_1.fastq.gz	data/prjna1088182/SRR28349223_2.fastq.gz	data/references/MG1655.gbk	.	dsb	.	NGG	PUBLICATION_REPORTED	pooled	control cohort (control_13_14_15_16): C4-1
prjna1088182	SRR28349221	control_17_18_19_20	control	SRR28349226	data/prjna1088182/SRR28349221_1.fastq.gz	data/prjna1088182/SRR28349221_2.fastq.gz	data/references/MG1655.gbk	.	dsb	.	NGG	PUBLICATION_REPORTED	pooled	control cohort (control_17_18_19_20): C5-1; pub mutations=3108123
prjna1088182	SRR28349168	lambdaRed_1_2	lambdaRed	SRR28349226	data/prjna1088182/SRR28349168_1.fastq.gz	data/prjna1088182/SRR28349168_2.fastq.gz	data/references/MG1655.gbk	.	dsb	.	NGG	PUBLICATION_REPORTED	pooled	lambdaRed cohort (lambdaRed_1_2): 086del_1
prjna1088182	SRR28349167	lambdaRed_3_4	lambdaRed	SRR28349226	data/prjna1088182/SRR28349167_1.fastq.gz	data/prjna1088182/SRR28349167_2.fastq.gz	data/references/MG1655.gbk	.	dsb	.	NGG	PUBLICATION_REPORTED	pooled	lambdaRed cohort (lambdaRed_3_4): 086del_3; pub mutations=3112908
prjna1088182	SRR28349166	lambdaRed_5_6	lambdaRed	SRR28349226	data/prjna1088182/SRR28349166_1.fastq.gz	data/prjna1088182/SRR28349166_2.fastq.gz	data/references/MG1655.gbk	.	dsb	.	NGG	PUBLICATION_REPORTED	pooled	lambdaRed cohort (lambdaRed_5_6): 086del_5
prjna1088182	SRR28349165	lambdaRed_7_8	lambdaRed	SRR28349226	data/prjna1088182/SRR28349165_1.fastq.gz	data/prjna1088182/SRR28349165_2.fastq.gz	data/references/MG1655.gbk	.	dsb	.	NGG	PUBLICATION_REPORTED	pooled	lambdaRed cohort (lambdaRed_7_8): 086del_7; pub mutations=161068
prjna1088182	SRR28349164	lambdaRed_9_10	lambdaRed	SRR28349226	data/prjna1088182/SRR28349164_1.fastq.gz	data/prjna1088182/SRR28349164_2.fastq.gz	data/references/MG1655.gbk	.	dsb	.	NGG	PUBLICATION_REPORTED	pooled	lambdaRed cohort (lambdaRed_9_10): 086del_9
prjna1088182	SRR28349232	I-SceI_1_2	I-SceI	SRR28349226	data/prjna1088182/SRR28349232_1.fastq.gz	data/prjna1088182/SRR28349232_2.fastq.gz	data/references/MG1655.gbk	.	dsb	.	NGG	PUBLICATION_REPORTED	pooled	I-SceI cohort (I-SceI_1_2): KW219; pub mutations=2653047,4115617
prjna1088182	SRR28349231	I-SceI_3_4_5_6	I-SceI	SRR28349226	data/prjna1088182/SRR28349231_1.fastq.gz	data/prjna1088182/SRR28349231_2.fastq.gz	data/references/MG1655.gbk	.	dsb	.	NGG	PUBLICATION_REPORTED	pooled	I-SceI cohort (I-SceI_3_4_5_6): KW297
prjna1088182	SRR28349230	I-SceI_7_8_9	I-SceI	SRR28349226	data/prjna1088182/SRR28349230_1.fastq.gz	data/prjna1088182/SRR28349230_2.fastq.gz	data/references/MG1655.gbk	.	dsb	.	NGG	PUBLICATION_REPORTED	pooled	I-SceI cohort (I-SceI_7_8_9): KW318; pub mutations=2872949,2872949
prjna1088182	SRR28349228	I-SceI_14_15_16	I-SceI	SRR28349226	data/prjna1088182/SRR28349228_1.fastq.gz	data/prjna1088182/SRR28349228_2.fastq.gz	data/references/MG1655.gbk	.	dsb	.	NGG	PUBLICATION_REPORTED	pooled	I-SceI cohort (I-SceI_14_15_16): KW332; pub mutations=3073571
prjna1088182	SRR28349227	I-SceI_17_18_19	I-SceI	SRR28349226	data/prjna1088182/SRR28349227_1.fastq.gz	data/prjna1088182/SRR28349227_2.fastq.gz	data/references/MG1655.gbk	.	dsb	.	NGG	PUBLICATION_REPORTED	pooled	I-SceI cohort (I-SceI_17_18_19): KW338
